{"entities":{"pages":{"api-docs":{"id":"api-docs","title":"C# Fundamentals","url":"api-docs.html","level":0,"pages":["Introduction-to-C","What-is-a-Console-Application","Using-Visual-Studio-to-create-a-Console-Type-Project","Understanding-the-Code"],"tabIndex":0},"Introduction-to-C":{"id":"Introduction-to-C","title":"Introduction to C#","url":"introduction-to-c.html","level":1,"parentId":"api-docs","tabIndex":0},"What-is-a-Console-Application":{"id":"What-is-a-Console-Application","title":"What is a Console Application?","url":"what-is-a-console-application.html","level":1,"parentId":"api-docs","tabIndex":1},"Using-Visual-Studio-to-create-a-Console-Type-Project":{"id":"Using-Visual-Studio-to-create-a-Console-Type-Project","title":"Using Visual Studio to create a Console-Type Project","url":"using-visual-studio-to-create-a-console-type-project.html","level":1,"parentId":"api-docs","tabIndex":2},"Understanding-the-Code":{"id":"Understanding-the-Code","title":"Understanding the Code:","url":"understanding-the-code.html","level":1,"parentId":"api-docs","tabIndex":3},"C-Syntax-Variables-Data-Types-Operators":{"id":"C-Syntax-Variables-Data-Types-Operators","title":"C# Syntax: Variables, Data Types, Operators","url":"c-syntax-variables-data-types-operators.html","level":0,"tabIndex":1},"Control-Flow-if-else-switch-loops":{"id":"Control-Flow-if-else-switch-loops","title":"Control Flow: if/else, switch, loops","url":"control-flow-if-else-switch-loops.html","level":0,"tabIndex":2}}},"topLevelIds":["api-docs","C-Syntax-Variables-Data-Types-Operators","Control-Flow-if-else-switch-loops"]}