{"entities":{"pages":{"api-docs":{"id":"api-docs","title":"C# Fundamentals","url":"api-docs.html","level":0,"tabIndex":0},"C-Syntax-Variables-Data-Types-Operators":{"id":"C-Syntax-Variables-Data-Types-Operators","title":"C# Syntax: Variables, Data Types, Operators","url":"c-syntax-variables-data-types-operators.html","level":0,"tabIndex":1},"Control-Flow-if-else-switch-loops":{"id":"Control-Flow-if-else-switch-loops","title":"Control Flow: if/else, switch, loops","url":"control-flow-if-else-switch-loops.html","level":0,"tabIndex":2}}},"topLevelIds":["api-docs","C-Syntax-Variables-Data-Types-Operators","Control-Flow-if-else-switch-loops"]}